"Reference","Qty","Value","DNP","Exclude from BOM","Exclude from Board","Footprint","Datasheet"
"C1,C4,C6,C7","4","10µF","","","","Capacitor_SMD:C_1206_3216Metric",""
"C2,C3,C5,C9,C10","5","100nF","","","","Capacitor_SMD:C_1206_3216Metric",""
"C8","1","47µF","","","","Capacitor_THT:CP_Radial_D8.0mm_P3.50mm",""
"C11","1","1µF","","","","Capacitor_SMD:C_1206_3216Metric",""
"D1,D3","2","LED","","","","LED_THT:LED_D5.0mm",""
"D2","1","SMBJ13A","","","","Diode_SMD:D_SMB",""
"J1","1","Conn_01x06 USB","","","","Connector_JST:JST_XH_B6B-XH-AM_1x06_P2.50mm_Vertical",""
"J2,J3,J4","3","Poti 47k","","","","Connector_JST:JST_XH_B3B-XH-AM_1x03_P2.50mm_Vertical",""
"J5","1","BTN","","","","Connector_JST:JST_XH_B2B-XH-AM_1x02_P2.50mm_Vertical",""
"J6","1","Fan","","","","Connector_JST:JST_XH_B4B-XH-AM_1x04_P2.50mm_Vertical",""
"J7","1","LED Stripe","","","","Connector_JST:JST_XH_B3B-XH-AM_1x03_P2.50mm_Vertical",""
"J8","1","Piezo Transducter 12V","","","","Connector_JST:JST_XH_B2B-XH-AM_1x02_P2.50mm_Vertical",""
"Q1","1","IRLML9301","","","","Package_TO_SOT_SMD:SOT-23","https://www.infineon.com/dgdl/irlml9301pbf.pdf?fileId=5546d462533600a401535668e5e42640"
"Q2","1","2N7002","","","","Package_TO_SOT_SMD:SOT-23","https://diotec.com/request/datasheet/2n7002.pdf"
"Q3","1","BC337","","","","Package_TO_SOT_THT:TO-92_Inline","https://diotec.com/tl_files/diotec/files/pdf/datasheets/bc337.pdf"
"R1","1","1k","","","","Resistor_SMD:R_1206_3216Metric",""
"R2,R7,R11,R12,R13","5","10k","","","","Resistor_SMD:R_0603_1608Metric",""
"R3,R4,R5","3","1k","","","","Resistor_SMD:R_0603_1608Metric",""
"R6","1","470","","","","Resistor_SMD:R_0603_1608Metric",""
"R8","1","20k","","","","Resistor_SMD:R_0603_1608Metric",""
"R9","1","220","","","","Resistor_SMD:R_0603_1608Metric",""
"R10,R15","2","2k2","","","","Resistor_SMD:R_0603_1608Metric",""
"R14","1","330","","","","Resistor_SMD:R_0603_1608Metric",""
"TP1","1","+3V3","","","","TestPoint:TestPoint_Pad_D1.5mm",""
"TP2","1","VPD","","","","TestPoint:TestPoint_Pad_D1.5mm",""
"TP3","1","+5V","","","","TestPoint:TestPoint_Pad_D1.5mm",""
"U1","1","L7805","","","","Package_TO_SOT_THT:TO-220-3_Vertical","http://www.st.com/content/ccc/resource/technical/document/datasheet/41/4f/b3/b0/12/d4/47/88/CD00000444.pdf/files/CD00000444.pdf/jcr:content/translations/en.CD00000444.pdf"
"U2","1","CH224K","","","","Package_SO:SSOP-10-1EP_3.9x4.9mm_P1mm_EP2.1x3.3mm","https://www.wch.cn/downloads/file/301.html"
"U3","1","XIAO ESP32C3","","","","0liver:xiao_esp32c3","https://files.seeedstudio.com/wiki/Seeed-Studio-XIAO-ESP32/esp32-c3_datasheet.pdf"
"U4","1","TSR0.5-2433","","","","Converter_DCDC:Converter_DCDC_TRACO_TSR0.5-24xx_TSR0.5-24xxx_THT","https://www.tracopower.com/products/tsr0.5.pdf"
"U5","1","74AHCT1G125","","","","Package_TO_SOT_SMD:SOT-353_SC-70-5","http://www.ti.com/lit/sg/scyt129e/scyt129e.pdf"
